2020-09-21T14:22:36.730,json,14766
2020-09-21T14:22:37.891,proto,8568
2020-09-21T14:24:41.715,json,10932
2020-09-21T14:24:43.403,proto,6715
2020-09-21T14:26:49.972,json,11521
2020-09-21T14:26:51.532,proto,7288
2020-09-21T14:43:53.595,json,15134
2020-09-21T14:43:54.079,proto,11310
2020-09-21T14:45:57.865,json,13828
2020-09-21T14:45:59.205,proto,9087
2020-09-21T15:43:03.763,json,12391
2020-09-21T15:43:05.673,proto,6392
2020-09-21T15:45:21.040,json,13695
2020-09-21T16:22:05.027,json,7367
2020-09-21T16:22:06.700,proto,5446
2020-09-21T16:24:07.216,json,10480
2020-09-21T16:24:07.877,proto,6493
2020-09-21T16:26:07.484,json,8342
2020-09-21T16:26:09.272,proto,5465
2020-09-21T19:59:44.865,json,9409
2020-09-21T19:59:45.186,proto,6867
2020-09-21T20:02:23.936,json,6721
2020-09-21T20:02:24.845,proto,4170
2020-09-21T20:04:18.879,json,7849
2020-09-21T20:04:19.197,proto,4109
2020-09-21T20:06:22.715,json,7928
2020-09-21T20:06:23.294,proto,4134
2020-09-23T10:59:04.688,json,8284
2020-09-23T10:59:06.101,proto,5663
2020-09-23T11:02:56.758,json,10362
2020-09-23T11:02:58.689,proto,7295
2020-09-23T11:38:43.694,json,9901
2020-09-23T11:38:45.042,proto,7154
2020-09-23T15:03:34.401,json,8229
2020-09-23T15:03:35.868,proto,6249
2020-09-23T15:06:15.948,json,7471
2020-09-23T15:06:18.024,proto,5844
2020-09-23T15:20:38.725,json,8140
2020-09-23T15:20:40.241,proto,5839
2020-09-23T15:40:25.246,json,9388
2020-09-23T15:40:27.193,proto,6588
2020-09-23T15:43:25.512,json,12624
2020-09-23T15:43:26.510,proto,8690
2020-09-23T15:46:35.900,json,7871
2020-09-23T15:46:38.454,proto,6703
2020-09-23T15:49:26.559,json,9244
2020-09-23T15:49:26.808,proto,5890
2020-09-23T15:52:15.059,json,9078
2020-09-23T15:52:16.002,proto,6150
2020-09-23T15:55:10.712,json,12629
2020-09-23T15:55:12.063,proto,8177
2020-09-23T15:58:05.530,json,8618
2020-09-23T15:58:06.268,proto,5545
2020-09-23T16:01:03.247,json,11031
2020-09-23T16:01:05.287,proto,8402
2020-09-23T16:04:00.406,json,9192
2020-09-23T16:04:01.579,proto,6288
2020-09-23T16:06:52.605,json,9860
2020-09-23T16:06:53.588,proto,6551
2020-09-23T16:09:45.541,json,10002
2020-09-23T16:09:46.673,proto,6724
2020-09-23T16:12:39.250,json,8835
2020-09-23T16:12:40.757,proto,5995
2020-09-23T16:15:32.111,json,9550
2020-09-23T16:15:32.771,proto,6053
2020-09-23T16:18:25.102,json,9812
2020-09-23T16:18:25.893,proto,6446
2020-09-23T16:21:20.549,json,8719
2020-09-23T16:21:21.008,proto,5334
2020-09-23T16:24:14.527,json,9582
2020-09-23T16:24:15.426,proto,6261
2020-09-23T16:27:06.037,json,8466
2020-09-23T16:27:07.135,proto,5663
2020-09-23T16:29:53.180,json,8935
2020-09-23T16:29:53.728,proto,5953
2020-09-23T16:32:38.732,json,9446
2020-09-23T16:32:39.817,proto,5465
2020-09-23T16:35:24.892,json,8944
2020-09-23T16:35:26.171,proto,6688
2020-09-23T16:38:11.423,json,8879
2020-09-23T16:38:12.110,proto,5863
2020-09-23T16:40:56.940,json,8409
2020-09-23T16:40:58.284,proto,6216
2020-09-23T16:43:44.020,json,8435
2020-09-23T16:43:44.764,proto,5545
2020-09-23T16:46:31.499,json,8990
2020-09-23T16:46:32.507,proto,6039
2020-09-23T16:49:17.714,json,8766
2020-09-23T16:49:18.348,proto,5348
2020-09-23T16:52:05.232,json,9667
2020-09-23T16:52:06.216,proto,7343
2020-09-23T16:54:50.661,json,8998
2020-09-23T16:54:51.313,proto,5830
2020-09-23T16:57:36.523,json,9166
2020-09-23T16:57:37.641,proto,6434
2020-09-23T17:00:23.823,json,9644
2020-09-23T17:00:24.260,proto,6464
2020-09-23T17:03:10.122,json,9132
2020-09-23T17:03:11.599,proto,6872
2020-09-23T17:05:58.061,json,9221
2020-09-23T17:05:58.961,proto,6136
2020-09-23T17:08:43.741,json,7931
2020-09-23T17:08:45.254,proto,5646
2020-09-23T17:11:31.002,json,8828
2020-09-23T17:11:31.434,proto,5421
2020-09-23T17:14:19.213,json,9408
2020-09-23T17:14:19.945,proto,6323
2020-09-23T17:17:04.531,json,8729
2020-09-23T17:17:05.833,proto,5692
2020-09-23T17:19:52.115,json,9197
2020-09-23T17:19:52.677,proto,5985
2020-09-23T17:22:37.593,json,8686
2020-09-23T17:22:38.148,proto,5472
2020-09-23T17:25:25.137,json,8841
2020-09-23T17:25:25.956,proto,5952
2020-09-23T17:28:10.513,json,9017
2020-09-23T17:28:11.438,proto,6389
2020-09-23T17:30:55.397,json,8669
2020-09-23T17:30:56.004,proto,5690
2020-09-23T17:33:42.038,json,9207
2020-09-23T17:33:42.753,proto,5980
2020-09-23T17:36:31.071,json,9191
2020-09-23T17:36:31.415,proto,6046
2020-09-23T17:39:18.118,json,9471
2020-09-23T17:39:19.134,proto,6702
2020-09-23T17:42:03.873,json,8849
2020-09-23T17:42:05.250,proto,6463
2020-09-23T17:44:53.907,json,10053
2020-09-23T17:44:54.640,proto,6852
2020-09-23T17:47:39.862,json,8553
2020-09-23T17:47:40.516,proto,5498
2020-09-23T17:50:26.942,json,9265
2020-09-23T17:50:27.469,proto,6012
2020-09-23T17:53:13.410,json,8840
2020-09-23T17:53:13.844,proto,5526
2020-09-23T17:56:03.124,json,8868
2020-09-23T17:56:03.658,proto,5450
2020-09-23T17:58:53.961,json,9637
2020-09-23T17:58:54.703,proto,6143
2020-09-24T10:48:29.512,json,10581
2020-09-24T10:48:31.126,proto,7612
2020-09-24T10:51:25.179,json,10781
2020-09-24T10:51:26.394,proto,7443
2020-09-24T11:52:56.411,json,8574
2020-09-24T11:52:57.855,proto,6102
2020-09-24T12:09:53.784,json,8466
2020-09-24T12:09:55.870,proto,7044
2020-09-24T12:13:20.812,json,9830
2020-09-24T12:13:22.756,proto,7480
2020-09-24T12:16:40.532,json,8581
2020-09-24T12:16:42.398,proto,6365
2020-09-24T12:23:02.892,json,7926
2020-09-24T12:23:04.511,proto,5291
2020-09-24T12:26:00.636,json,9331
2020-09-24T12:26:01.149,proto,6004
2020-09-24T12:28:48.695,json,7899
2020-09-24T12:28:50.275,proto,5359
2020-09-24T12:31:40.471,json,8811
2020-09-24T12:31:41.181,proto,5155
2020-09-24T12:34:30.244,json,8107
2020-09-24T12:34:31.466,proto,5159
2020-09-24T12:37:20.544,json,8733
2020-09-24T12:37:21.638,proto,5646
2020-09-24T12:40:11.638,json,9424
2020-09-24T12:40:11.732,proto,5510
2020-09-24T12:43:01.506,json,8874
2020-09-24T12:43:02.149,proto,5246
2020-09-24T12:45:50.589,json,8064
2020-09-24T12:45:51.872,proto,5321
2020-09-24T12:48:41.261,json,8838
2020-09-24T12:48:42.179,proto,5582
2020-09-24T12:51:32.450,json,9304
2020-09-24T12:51:33.646,proto,5834
2020-09-24T13:28:42.201,json,7998
2020-09-24T13:28:45.471,proto,7546
2020-09-25T13:13:29.416,json,10935
2020-09-25T13:13:30.998,proto,7354
2020-09-25T13:18:07.382,json,12807
2020-09-25T13:18:08.720,proto,7805
2020-09-25T13:22:48.020,json,13484
2020-09-25T13:22:48.640,proto,8390
2020-09-25T13:27:26.953,json,12031
2020-09-25T13:27:28.038,proto,7166
2020-09-25T13:31:56.881,json,9488
2020-09-25T13:31:57.808,proto,6237
